product_no,SPB_STOCK,price
010109,2,Цена не найдена
010388,2,Цена не найдена
010389,46,Цена не найдена
010761,1,Цена не найдена
010909,520,Цена не найдена
010912,132,Цена не найдена
010914,1800,Цена не найдена
010915,234,Цена не найдена
010916,4922,Цена не найдена
010917,1095,Цена не найдена
010918,520,Цена не найдена
010919,896,Цена не найдена
010920,520,Цена не найдена
011062,14,Цена не найдена
011064,110,Цена не найдена
011160,2,Цена не найдена
011267,731,Цена не найдена
011396,248,Цена не найдена
011397,234,Цена не найдена
011437,6,Цена не найдена
011438,2,Цена не найдена
011443,74,Цена не найдена
011444,2,Цена не найдена
011535,342,Цена не найдена
011537,118,Цена не найдена
011542,4,Цена не найдена
011543,289,Цена не найдена
011553,3486,Цена не найдена
011695,2,Цена не найдена
011696,8,Цена не найдена
011778,6,Цена не найдена
011779,6,Цена не найдена
011852,1,Цена не найдена
012004,280,Цена не найдена
012008,65,Цена не найдена
012088,10,Цена не найдена
020083,1,Цена не найдена
020409,1,Цена не найдена
020753,2,Цена не найдена
021093,6,Цена не найдена
021146,24,Цена не найдена
021198,3,Цена не найдена
021226,6,Цена не найдена
021315,6,Цена не найдена
021379,13,Цена не найдена
021384,2,Цена не найдена
021399,523,Цена не найдена
021402,1,Цена не найдена
021464,1,Цена не найдена
021519,2,Цена не найдена
021522,796,Цена не найдена
021528,10,Цена не найдена
021564,2,Цена не найдена
021570,262,Цена не найдена
021576,1,Цена не найдена
021653,1,Цена не найдена
021659,2,Цена не найдена
021690,2,Цена не найдена
021941,14,Цена не найдена
021992,10,Цена не найдена
022033,2,Цена не найдена
022099,5,Цена не найдена
022148,8,Цена не найдена
022207,2,Цена не найдена
022236,2,Цена не найдена
022239,2,Цена не найдена
022321,1,Цена не найдена
022426,2,Цена не найдена
022489,67,Цена не найдена
022750,1,Цена не найдена
022774,7,Цена не найдена
022776,1,Цена не найдена
023252,1,Цена не найдена
023266,1,Цена не найдена
023365,37,Цена не найдена
023439,4,Цена не найдена
023477,1,Цена не найдена
023478,1,Цена не найдена
023481,2,Цена не найдена
023482,2,Цена не найдена
023511,1,Цена не найдена
023735,428,Цена не найдена
023767,10,Цена не найдена
023773,2,Цена не найдена
023774,4,Цена не найдена
023829,14,Цена не найдена
023834,4,Цена не найдена
023835,5,Цена не найдена
023836,6,Цена не найдена
023837,4,Цена не найдена
023908,8,Цена не найдена
024275,4,Цена не найдена
025775,15,Цена не найдена
025921,2,Цена не найдена
026033,3,Цена не найдена
026039,1,Цена не найдена
026148,2,Цена не найдена
026353,2,Цена не найдена
026395,100,Цена не найдена
026644,2,Цена не найдена
029155,2,Цена не найдена
030530,5,Цена не найдена
034042,2,Цена не найдена
034085,3,Цена не найдена
034092,6,Цена не найдена
034146,90,Цена не найдена
034224,4,Цена не найдена
034376,2,Цена не найдена
034471,1,Цена не найдена
034489,609,Цена не найдена
034554,4,Цена не найдена
034637,237,Цена не найдена
034638,80,Цена не найдена
034639,121,Цена не найдена
035308,12,Цена не найдена
035355,4,Цена не найдена
035475,2,Цена не найдена
035688,267,Цена не найдена
035731,3,Цена не найдена
036222,282,Цена не найдена
036340,1,Цена не найдена
036363,1,Цена не найдена
036612,4,Цена не найдена
036900,1,Цена не найдена
036908,1,Цена не найдена
036927,2,Цена не найдена
036983,1,Цена не найдена
036990,4,Цена не найдена
037006,2,Цена не найдена
037074,2,Цена не найдена
037395,2,Цена не найдена
037396,2,Цена не найдена
037583,4,Цена не найдена
037875,5,Цена не найдена
038046,1,Цена не найдена
038156,2,Цена не найдена
038157,2,Цена не найдена
038169,4,Цена не найдена
038173,1,Цена не найдена
038179,20,Цена не найдена
038300,1,Цена не найдена
038331,11,Цена не найдена
038610,1,Цена не найдена
039033,4,Цена не найдена
039132,4,Цена не найдена
039133,2,Цена не найдена
039353,8,Цена не найдена
039585,1,Цена не найдена
040395,1,Цена не найдена
040501,2,Цена не найдена
040811,3,Цена не найдена
040813,12,Цена не найдена
040814,6,Цена не найдена
040939,11,Цена не найдена
040985,6,Цена не найдена
041067,184,Цена не найдена
041073,42,Цена не найдена
041074,98,Цена не найдена
041077,60,Цена не найдена
041095,2,Цена не найдена
041124,24,Цена не найдена
041125,27,Цена не найдена
041126,60,Цена не найдена
041204,2,Цена не найдена
041210,3,Цена не найдена
041299,1,Цена не найдена
041300,1,Цена не найдена
041301,1,Цена не найдена
041302,1,Цена не найдена
041625,22,Цена не найдена
041643,324,Цена не найдена
042368,14,Цена не найдена
042369,2,Цена не найдена
042388,180,Цена не найдена
042389,175,Цена не найдена
042464,6,Цена не найдена
042465,3,Цена не найдена
042491,2,Цена не найдена
042498,12,Цена не найдена
042682,1,Цена не найдена
042983,8,Цена не найдена
042984,20,Цена не найдена
043143,44,Цена не найдена
043144,28,Цена не найдена
043145,20,Цена не найдена
043146,16,Цена не найдена
043147,46,Цена не найдена
043148,10,Цена не найдена
043149,4,Цена не найдена
043150,8,Цена не найдена
043251,60,Цена не найдена
043253,68,Цена не найдена
043254,26,Цена не найдена
043255,82,Цена не найдена
043256,122,Цена не найдена
043494,30,Цена не найдена
043692,94,Цена не найдена
043869,3198,Цена не найдена
043870,2,Цена не найдена
043886,54,Цена не найдена
07201504,4,Цена не найдена
141453601,1,Цена не найдена
164515,1,Цена не найдена
271255,12,Цена не найдена
271262,1,Цена не найдена
271279,1,Цена не найдена
271552,1,Цена не найдена
277646,2,Цена не найдена
278193,2,Цена не найдена
328F012,6,Цена не найдена
362823,590,Цена не найдена
382456,1,Цена не найдена
382913,17,Цена не найдена
511001246,4,Цена не найдена
511001248,4,Цена не найдена
511001249,2,Цена не найдена
511172203,5,Цена не найдена
517285,1,Цена не найдена
518001245,4,Цена не найдена
518001248,4,Цена не найдена
51900150210ARM,1,Цена не найдена
54225042201,2,Цена не найдена
54471176,270,Цена не найдена
54510110,136,Цена не найдена
54510120,100,Цена не найдена
556659,1,Цена не найдена
580784,1,Цена не найдена
601953,1,Цена не найдена
AM0379,1,Цена не найдена
B80T022,2,Цена не найдена
K14S284,18,Цена не найдена
R00333,17,Цена не найдена
R00507,9,Цена не найдена
R00508,1,Цена не найдена
R01120,21,Цена не найдена
010084,18,Цена не найдена
010137,1,Цена не найдена
010351,40,Цена не найдена
010404,9,Цена не найдена
010546,10,Цена не найдена
010641,22,Цена не найдена
010642,14,Цена не найдена
010732,2,Цена не найдена
010835,4,Цена не найдена
010855,21,Цена не найдена
010893,84,Цена не найдена
010935,4,Цена не найдена
011063,2,Цена не найдена
011074,2,Цена не найдена
011264,16,Цена не найдена
011508,4,Цена не найдена
011554,114,Цена не найдена
011555,231,Цена не найдена
011732,2,Цена не найдена
011746,7,Цена не найдена
011748,75,Цена не найдена
011752,4,Цена не найдена
011856,1,Цена не найдена
012048,124,Цена не найдена
020005,5,Цена не найдена
020030,15,Цена не найдена
020057,30,Цена не найдена
020074,5,Цена не найдена
020109,154,Цена не найдена
020111,14,Цена не найдена
020112,64,Цена не найдена
020143,3,Цена не найдена
020150,2,Цена не найдена
020156,6,Цена не найдена
020211,20,Цена не найдена
020505,69,Цена не найдена
020668,12,Цена не найдена
020689,1,Цена не найдена
020793,5,Цена не найдена
020822,4,Цена не найдена
021071,12,Цена не найдена
021147,24,Цена не найдена
021148,24,Цена не найдена
021177,18,Цена не найдена
021186,2,Цена не найдена
021256,50,Цена не найдена
021382,2,Цена не найдена
021385,2,Цена не найдена
021396,16,Цена не найдена
021596,4,Цена не найдена
021801,2,Цена не найдена
021821,2,Цена не найдена
021892,142,Цена не найдена
021912,4,Цена не найдена
021918,34,Цена не найдена
021926,5,Цена не найдена
021927,9,Цена не найдена
021928,7,Цена не найдена
021929,21,Цена не найдена
021931,2,Цена не найдена
021952,3,Цена не найдена
021953,6,Цена не найдена
021972,9,Цена не найдена
022014,11,Цена не найдена
022074,1,Цена не найдена
022075,18,Цена не найдена
022202,26,Цена не найдена
022203,4,Цена не найдена
022204,2,Цена не найдена
022274,18,Цена не найдена
022382,2,Цена не найдена
022383,4,Цена не найдена
022384,2,Цена не найдена
022385,40,Цена не найдена
022388,6,Цена не найдена
022406,2,Цена не найдена
022408,4,Цена не найдена
022419,4,Цена не найдена
022488,8,Цена не найдена
022499,2,Цена не найдена
022507,1,Цена не найдена
022508,4,Цена не найдена
022509,3,Цена не найдена
022512,18,Цена не найдена
022540,8,Цена не найдена
022551,8,Цена не найдена
022552,5,Цена не найдена
022562,2,Цена не найдена
022572,2,Цена не найдена
022643,16,Цена не найдена
022647,12,Цена не найдена
022649,4,Цена не найдена
022650,26,Цена не найдена
022654,4,Цена не найдена
022659,1,Цена не найдена
022663,43,Цена не найдена
022665,7,Цена не найдена
022670,8,Цена не найдена
022675,5,Цена не найдена
022678,19,Цена не найдена
022679,11,Цена не найдена
022680,27,Цена не найдена
022682,4,Цена не найдена
022683,1,Цена не найдена
022686,2,Цена не найдена
022688,3,Цена не найдена
022692,26,Цена не найдена
022695,17,Цена не найдена
022696,56,Цена не найдена
022698,17,Цена не найдена
022699,10,Цена не найдена
022704,9,Цена не найдена
022715,6,Цена не найдена
022770,8,Цена не найдена
022771,16,Цена не найдена
022832,1,Цена не найдена
022833,1,Цена не найдена
022846,5,Цена не найдена
022847,10,Цена не найдена
022850,2,Цена не найдена
022852,1,Цена не найдена
022853,157,Цена не найдена
022854,2,Цена не найдена
022856,3,Цена не найдена
022858,13,Цена не найдена
022860,30,Цена не найдена
023049,6,Цена не найдена
023054,5,Цена не найдена
023058,7,Цена не найдена
023070,2,Цена не найдена
023075,1,Цена не найдена
023087,22,Цена не найдена
023088,36,Цена не найдена
023092,29,Цена не найдена
023116,12,Цена не найдена
023117,2,Цена не найдена
023119,8,Цена не найдена
023126,8,Цена не найдена
023297,1,Цена не найдена
023298,13,Цена не найдена
023317,2,Цена не найдена
023318,3,Цена не найдена
023322,1,Цена не найдена
023342,4,Цена не найдена
023393,14,Цена не найдена
023401,12,Цена не найдена
023402,2,Цена не найдена
023444,1,Цена не найдена
023500,1,Цена не найдена
023573,1,Цена не найдена
023592,3,Цена не найдена
023594,2,Цена не найдена
023597,8,Цена не найдена
023628,2,Цена не найдена
023629,24,Цена не найдена
023653,6,Цена не найдена
023654,3,Цена не найдена
023655,1,Цена не найдена
023678,2,Цена не найдена
023689,1,Цена не найдена
023717,6,Цена не найдена
023720,4,Цена не найдена
023722,9,Цена не найдена
023723,5,Цена не найдена
023724,2,Цена не найдена
023734,50,Цена не найдена
023742,71,Цена не найдена
023748,134,Цена не найдена
023758,1,Цена не найдена
023759,2,Цена не найдена
023768,3,Цена не найдена
023769,5,Цена не найдена
023770,2,Цена не найдена
023782,2,Цена не найдена
023793,2,Цена не найдена
023794,1,Цена не найдена
023817,6,Цена не найдена
023833,2,Цена не найдена
023844,10,Цена не найдена
023868,5,Цена не найдена
023912,2,Цена не найдена
023914,17,Цена не найдена
023928,17,Цена не найдена
023931,1,Цена не найдена
023933,1,Цена не найдена
023935,1,Цена не найдена
023951,4,Цена не найдена
023988,2,Цена не найдена
024052,14,Цена не найдена
024062,8,Цена не найдена
024064,10,Цена не найдена
024065,2,Цена не найдена
024123,2,Цена не найдена
024124,8,Цена не найдена
024126,32,Цена не найдена
024340,11,Цена не найдена
024345,1,Цена не найдена
024347,13,Цена не найдена
024390,22,Цена не найдена
024396,1,Цена не найдена
024520,2,Цена не найдена
024548,8,Цена не найдена
024549,5,Цена не найдена
024551,21,Цена не найдена
024552,19,Цена не найдена
024553,8,Цена не найдена
024554,3,Цена не найдена
024555,41,Цена не найдена
024556,2,Цена не найдена
024557,9,Цена не найдена
024558,1,Цена не найдена
024561,5,Цена не найдена
024564,16,Цена не найдена
024568,1,Цена не найдена
024596,4,Цена не найдена
025576,6,Цена не найдена
025683,16,Цена не найдена
025737,1,Цена не найдена
025738,20,Цена не найдена
025745,101,Цена не найдена
025772,4,Цена не найдена
025773,6,Цена не найдена
025809,1,Цена не найдена
025819,12,Цена не найдена
025892,2,Цена не найдена
025926,2,Цена не найдена
026021,2,Цена не найдена
026061,1,Цена не найдена
026065,6,Цена не найдена
026066,2,Цена не найдена
026125,50,Цена не найдена
026139,2,Цена не найдена
026172,1,Цена не найдена
026274,2,Цена не найдена
026282,1,Цена не найдена
026283,55,Цена не найдена
026284,12,Цена не найдена
026297,1,Цена не найдена
026320,6,Цена не найдена
026322,2,Цена не найдена
026326,2,Цена не найдена
026327,40,Цена не найдена
026328,7,Цена не найдена
026335,2,Цена не найдена
026336,2,Цена не найдена
026339,1,Цена не найдена
026344,2,Цена не найдена
026345,26,Цена не найдена
026346,2,Цена не найдена
026351,4,Цена не найдена
026361,1,Цена не найдена
026420,4,Цена не найдена
026435,42,Цена не найдена
026450,10,Цена не найдена
026501,15,Цена не найдена
026502,5,Цена не найдена
026504,55,Цена не найдена
026506,4,Цена не найдена
026549,7,Цена не найдена
026642,16,Цена не найдена
026643,1,Цена не найдена
028276,1,Цена не найдена
029142,8,Цена не найдена
029150,6,Цена не найдена
029153,6,Цена не найдена
029164,14,Цена не найдена
029165,7,Цена не найдена
029167,1,Цена не найдена
029170,1,Цена не найдена
029196,12,Цена не найдена
029198,3,Цена не найдена
029202,1,Цена не найдена
029206,2,Цена не найдена
029211,1,Цена не найдена
029213,2,Цена не найдена
029253,4,Цена не найдена
029255,2,Цена не найдена
029265,4,Цена не найдена
029270,4,Цена не найдена
029297,2,Цена не найдена
029298,5,Цена не найдена
029301,4,Цена не найдена
029303,2,Цена не найдена
029316,1,Цена не найдена
029377,28,Цена не найдена
029391,2,Цена не найдена
029394,3,Цена не найдена
029402,6,Цена не найдена
029404,9,Цена не найдена
029878,22,Цена не найдена
029895,2,Цена не найдена
030271,6,Цена не найдена
030524,1,Цена не найдена
031259,1,Цена не найдена
033627,2,Цена не найдена
033629,12,Цена не найдена
033771,52,Цена не найдена
033860,10,Цена не найдена
033893,7,Цена не найдена
033895,2,Цена не найдена
033904,7,Цена не найдена
033905,18,Цена не найдена
033906,2,Цена не найдена
033914,1,Цена не найдена
033935,1,Цена не найдена
033951,192,Цена не найдена
033954,235,Цена не найдена
033955,5,Цена не найдена
033957,6,Цена не найдена
033958,72,Цена не найдена
034027,12,Цена не найдена
034127,15,Цена не найдена
034136,6,Цена не найдена
034236,2,Цена не найдена
034238,5,Цена не найдена
034239,2,Цена не найдена
034243,4,Цена не найдена
034258,12,Цена не найдена
034259,13,Цена не найдена
034260,8,Цена не найдена
034261,16,Цена не найдена
034278,2,Цена не найдена
034279,10,Цена не найдена
034285,10,Цена не найдена
034316,4,Цена не найдена
034336,1,Цена не найдена
034441,6,Цена не найдена
034445,86,Цена не найдена
034456,20,Цена не найдена
034473,2,Цена не найдена
034482,4,Цена не найдена
034483,8,Цена не найдена
034484,17,Цена не найдена
034620,22,Цена не найдена
034621,8,Цена не найдена
034622,8,Цена не найдена
034642,5,Цена не найдена
034657,4,Цена не найдена
034678,4,Цена не найдена
034679,1,Цена не найдена
034689,4,Цена не найдена
034737,2,Цена не найдена
034802,2,Цена не найдена
034868,4,Цена не найдена
034872,17,Цена не найдена
034881,8,Цена не найдена
034882,9,Цена не найдена
034883,4,Цена не найдена
034891,30,Цена не найдена
034893,12,Цена не найдена
034894,8,Цена не найдена
034895,2,Цена не найдена
034912,12,Цена не найдена
034927,20,Цена не найдена
034995,2,Цена не найдена
035023,30,Цена не найдена
035027,2,Цена не найдена
035061,2,Цена не найдена
035118,4,Цена не найдена
035122,893,Цена не найдена
035125,2,Цена не найдена
035164,6,Цена не найдена
035165,8,Цена не найдена
035250,6,Цена не найдена
035259,1,Цена не найдена
035260,20,Цена не найдена
035261,116,Цена не найдена
035367,1,Цена не найдена
035390,1,Цена не найдена
035391,1,Цена не найдена
035418,6,Цена не найдена
035423,2,Цена не найдена
035424,2,Цена не найдена
035449,33,Цена не найдена
035450,85,Цена не найдена
035451,10,Цена не найдена
035487,30,Цена не найдена
035488,2,Цена не найдена
035522,1,Цена не найдена
035529,8,Цена не найдена
035662,1,Цена не найдена
035664,9,Цена не найдена
035686,5,Цена не найдена
035719,20,Цена не найдена
035721,33,Цена не найдена
035764,2,Цена не найдена
035781,1,Цена не найдена
035782,2,Цена не найдена
035784,10,Цена не найдена
035786,1,Цена не найдена
035787,3,Цена не найдена
035788,8,Цена не найдена
035789,2,Цена не найдена
035794,4,Цена не найдена
035798,1,Цена не найдена
035804,1,Цена не найдена
035807,22,Цена не найдена
035825,1,Цена не найдена
035840,3,Цена не найдена
035846,2,Цена не найдена
035848,1,Цена не найдена
035850,1,Цена не найдена
035854,1,Цена не найдена
035860,1,Цена не найдена
035861,11,Цена не найдена
035862,4,Цена не найдена
035864,5,Цена не найдена
035879,4,Цена не найдена
035880,8,Цена не найдена
035881,3,Цена не найдена
035882,4,Цена не найдена
035885,2,Цена не найдена
035902,24,Цена не найдена
035905,1,Цена не найдена
035910,10,Цена не найдена
035911,1,Цена не найдена
035916,32,Цена не найдена
035919,55,Цена не найдена
035968,2,Цена не найдена
035969,8,Цена не найдена
036015,10,Цена не найдена
036074,1,Цена не найдена
036123,1,Цена не найдена
036133,11,Цена не найдена
036135,8,Цена не найдена
036136,5,Цена не найдена
036137,8,Цена не найдена
036138,22,Цена не найдена
036140,8,Цена не найдена
036141,20,Цена не найдена
036169,40,Цена не найдена
036170,29,Цена не найдена
036171,15,Цена не найдена
036172,53,Цена не найдена
036184,4,Цена не найдена
036238,10,Цена не найдена
036898,1,Цена не найдена
036937,5,Цена не найдена
036938,13,Цена не найдена
036939,14,Цена не найдена
036940,31,Цена не найдена
036941,12,Цена не найдена
037030,50,Цена не найдена
037031,76,Цена не найдена
037055,89,Цена не найдена
037191,1,Цена не найдена
037192,9,Цена не найдена
037203,6,Цена не найдена
037206,4,Цена не найдена
037220,8,Цена не найдена
037224,8,Цена не найдена
037265,4,Цена не найдена
037346,4,Цена не найдена
037347,4,Цена не найдена
037383,11,Цена не найдена
037393,5,Цена не найдена
037403,2,Цена не найдена
037420,4,Цена не найдена
037430,8,Цена не найдена
037436,25,Цена не найдена
037437,34,Цена не найдена
037438,11,Цена не найдена
037440,1,Цена не найдена
037453,3,Цена не найдена
037462,3,Цена не найдена
037463,13,Цена не найдена
037478,2,Цена не найдена
037487,35,Цена не найдена
037490,1,Цена не найдена
037491,2,Цена не найдена
037493,72,Цена не найдена
037496,1,Цена не найдена
037534,2,Цена не найдена
037535,4,Цена не найдена
037537,1,Цена не найдена
037538,9,Цена не найдена
037542,11,Цена не найдена
037570,14,Цена не найдена
037594,15,Цена не найдена
037617,4,Цена не найдена
037628,1,Цена не найдена
037629,4,Цена не найдена
037634,1,Цена не найдена
037639,2,Цена не найдена
037643,4,Цена не найдена
037646,1,Цена не найдена
037653,1,Цена не найдена
037669,14,Цена не найдена
037682,1,Цена не найдена
037711,2,Цена не найдена
037727,2,Цена не найдена
037728,26,Цена не найдена
037796,12,Цена не найдена
037799,2,Цена не найдена
037800,2,Цена не найдена
037801,3,Цена не найдена
037803,2,Цена не найдена
037826,264,Цена не найдена
037849,2,Цена не найдена
037900,4,Цена не найдена
037901,4,Цена не найдена
037905,1,Цена не найдена
037906,2,Цена не найдена
037907,7,Цена не найдена
037940,1,Цена не найдена
038012,8,Цена не найдена
038028,438,Цена не найдена
038039,24,Цена не найдена
038083,1,Цена не найдена
038084,4,Цена не найдена
038099,12,Цена не найдена
038100,10,Цена не найдена
038116,3,Цена не найдена
038132,21,Цена не найдена
038133,14,Цена не найдена
038144,1,Цена не найдена
038146,20,Цена не найдена
038161,15,Цена не найдена
038162,2,Цена не найдена
038164,27,Цена не найдена
038168,122,Цена не найдена
038175,12,Цена не найдена
038178,3,Цена не найдена
038181,60,Цена не найдена
038182,60,Цена не найдена
038187,1,Цена не найдена
038204,2,Цена не найдена
038231,33,Цена не найдена
038232,12,Цена не найдена
038233,7,Цена не найдена
038237,14,Цена не найдена
038238,1,Цена не найдена
038239,6,Цена не найдена
038245,24,Цена не найдена
038246,2,Цена не найдена
038251,14,Цена не найдена
038253,4,Цена не найдена
038254,15,Цена не найдена
038255,7,Цена не найдена
038256,17,Цена не найдена
038293,24,Цена не найдена
038299,1,Цена не найдена
038374,122,Цена не найдена
038405,5,Цена не найдена
038457,1,Цена не найдена
038458,4,Цена не найдена
038522,2,Цена не найдена
038628,18,Цена не найдена
038657,1,Цена не найдена
038658,5,Цена не найдена
038725,2,Цена не найдена
038731,2,Цена не найдена
038747,9,Цена не найдена
038769,1,Цена не найдена
038783,2,Цена не найдена
038866,1,Цена не найдена
038867,4,Цена не найдена
038994,6,Цена не найдена
038995,6,Цена не найдена
038996,2,Цена не найдена
039000,16,Цена не найдена
039001,9,Цена не найдена
039004,4,Цена не найдена
039005,2,Цена не найдена
039036,3,Цена не найдена
039117,2,Цена не найдена
039131,2,Цена не найдена
039161,6,Цена не найдена
039162,6,Цена не найдена
039163,1,Цена не найдена
039164,8,Цена не найдена
039171,2,Цена не найдена
039209,8,Цена не найдена
039298,29,Цена не найдена
039301,2,Цена не найдена
039302,12,Цена не найдена
039309,1,Цена не найдена
039311,8,Цена не найдена
039357,12,Цена не найдена
039358,34,Цена не найдена
039389,1,Цена не найдена
039395,2,Цена не найдена
039396,20,Цена не найдена
039398,28,Цена не найдена
039400,34,Цена не найдена
039452,2,Цена не найдена
039474,1,Цена не найдена
039484,1,Цена не найдена
039561,2,Цена не найдена
039579,3,Цена не найдена
039580,4,Цена не найдена
039583,1,Цена не найдена
039584,1,Цена не найдена
039589,3,Цена не найдена
039599,2,Цена не найдена
039606,5,Цена не найдена
039646,10,Цена не найдена
039711,2,Цена не найдена
039734,3,Цена не найдена
039754,10,Цена не найдена
039760,1,Цена не найдена
039798,1,Цена не найдена
039801,1,Цена не найдена
039806,4,Цена не найдена
039857,4,Цена не найдена
039892,1,Цена не найдена
039914,2,Цена не найдена
039917,2,Цена не найдена
039921,1,Цена не найдена
039949,8,Цена не найдена
040008,9,Цена не найдена
040009,7,Цена не найдена
040011,4,Цена не найдена
040012,4,Цена не найдена
040101,15,Цена не найдена
040121,1,Цена не найдена
040229,12,Цена не найдена
040230,8,Цена не найдена
040231,18,Цена не найдена
040254,10,Цена не найдена
040255,4,Цена не найдена
040274,1,Цена не найдена
040275,6,Цена не найдена
040276,12,Цена не найдена
040284,1,Цена не найдена
040392,1,Цена не найдена
040394,2,Цена не найдена
040426,6,Цена не найдена
040482,1,Цена не найдена
040511,2,Цена не найдена
040540,3,Цена не найдена
040578,10,Цена не найдена
040610,6,Цена не найдена
040678,8,Цена не найдена
040679,8,Цена не найдена
040683,2,Цена не найдена
040721,21,Цена не найдена
040722,12,Цена не найдена
040723,8,Цена не найдена
040724,12,Цена не найдена
040747,2,Цена не найдена
040785,2,Цена не найдена
040786,1,Цена не найдена
040817,52,Цена не найдена
040818,223,Цена не найдена
040856,32,Цена не найдена
040940,90,Цена не найдена
040957,4,Цена не найдена
040958,4,Цена не найдена
040965,1,Цена не найдена
040968,10,Цена не найдена
040984,7,Цена не найдена
040997,4,Цена не найдена
041011,13,Цена не найдена
041096,3,Цена не найдена
041099,2,Цена не найдена
041110,1,Цена не найдена
041112,9,Цена не найдена
041113,8,Цена не найдена
041115,2,Цена не найдена
041116,14,Цена не найдена
041121,3,Цена не найдена
041158,20,Цена не найдена
041182,200,Цена не найдена
041188,10,Цена не найдена
041267,10,Цена не найдена
041280,6,Цена не найдена
041328,1,Цена не найдена
041366,300,Цена не найдена
041412,42,Цена не найдена
041430,13,Цена не найдена
041431,8,Цена не найдена
041458,2,Цена не найдена
041460,2,Цена не найдена
041492,16,Цена не найдена
041616,6,Цена не найдена
042037,18,Цена не найдена
042041,2,Цена не найдена
042043,2,Цена не найдена
042146,165,Цена не найдена
042147,55,Цена не найдена
042170,172,Цена не найдена
042214,2,Цена не найдена
042215,4,Цена не найдена
042285,16,Цена не найдена
042286,5,Цена не найдена
042287,9,Цена не найдена
042288,5,Цена не найдена
042289,9,Цена не найдена
042291,4,Цена не найдена
042292,3,Цена не найдена
042300,7,Цена не найдена
042301,13,Цена не найдена
042302,16,Цена не найдена
042303,4,Цена не найдена
042333,1,Цена не найдена
042378,6,Цена не найдена
042379,6,Цена не найдена
042380,2,Цена не найдена
042384,4,Цена не найдена
042385,2,Цена не найдена
042488,1,Цена не найдена
042524,1,Цена не найдена
042525,1,Цена не найдена
042526,11,Цена не найдена
042528,8,Цена не найдена
042530,4,Цена не найдена
042532,7,Цена не найдена
042533,6,Цена не найдена
042534,2,Цена не найдена
042557,5,Цена не найдена
042558,1,Цена не найдена
042564,4,Цена не найдена
042581,14,Цена не найдена
042594,6,Цена не найдена
042598,5,Цена не найдена
042599,2,Цена не найдена
042601,4,Цена не найдена
042602,8,Цена не найдена
042619,16,Цена не найдена
042620,160,Цена не найдена
042624,4,Цена не найдена
042625,499,Цена не найдена
042628,115,Цена не найдена
042631,2,Цена не найдена
042632,6,Цена не найдена
042633,2,Цена не найдена
042637,16,Цена не найдена
042641,8,Цена не найдена
042679,20,Цена не найдена
042733,10,Цена не найдена
042744,2,Цена не найдена
042785,11,Цена не найдена
042844,8,Цена не найдена
042852,106,Цена не найдена
042913,4,Цена не найдена
042918,6,Цена не найдена
042924,12,Цена не найдена
042929,3,Цена не найдена
042933,4,Цена не найдена
042936,12,Цена не найдена
042960,6,Цена не найдена
042966,2,Цена не найдена
042971,24,Цена не найдена
042973,6,Цена не найдена
042974,12,Цена не найдена
042976,8,Цена не найдена
042977,8,Цена не найдена
042979,8,Цена не найдена
042981,12,Цена не найдена
042982,14,Цена не найдена
042994,7,Цена не найдена
043003,2,Цена не найдена
043004,25,Цена не найдена
043012,11,Цена не найдена
043025,6,Цена не найдена
043039,6,Цена не найдена
043056,2,Цена не найдена
043058,2,Цена не найдена
043060,8,Цена не найдена
043064,6,Цена не найдена
043065,4,Цена не найдена
043067,4,Цена не найдена
043068,6,Цена не найдена
043069,4,Цена не найдена
043073,2,Цена не найдена
043076,1,Цена не найдена
043085,4,Цена не найдена
043086,8,Цена не найдена
043131,3,Цена не найдена
043132,2,Цена не найдена
043133,164,Цена не найдена
043137,4,Цена не найдена
043139,10,Цена не найдена
043282,1,Цена не найдена
043393,3,Цена не найдена
043395,12,Цена не найдена
043695,3,Цена не найдена
043696,5,Цена не найдена
043697,5,Цена не найдена
043698,1,Цена не найдена
043980,300,Цена не найдена
044913,135,Цена не найдена
0663350,26,Цена не найдена
07602020,1,Цена не найдена
0763155,21,Цена не найдена
1009019K760,2,Цена не найдена
1009019K771,2,Цена не найдена
10442085,1,Цена не найдена
10911071,6,Цена не найдена
109V2085,11,Цена не найдена
11010018K770,4,Цена не найдена
11072071,5,Цена не найдена
1109019K760,1,Цена не найдена
1109019K770,12,Цена не найдена
1109019K771,6,Цена не найдена
1109019K772,8,Цена не найдена
115B1002,12,Цена не найдена
1209019K770,14,Цена не найдена
1209019K771,12,Цена не найдена
1209019K772,4,Цена не найдена
132204,1,Цена не найдена
133171,3,Цена не найдена
136875,7,Цена не найдена
154169,6,Цена не найдена
156781,40,Цена не найдена
15711300,1,Цена не найдена
15711715,2,Цена не найдена
15711828,1,Цена не найдена
15711870,2,Цена не найдена
15712380,28,Цена не найдена
15712495,30,Цена не найдена
15712565,8,Цена не найдена
15712595,7,Цена не найдена
15721130,7,Цена не найдена
15721140,2,Цена не найдена
15722170,1,Цена не найдена
15722190,3,Цена не найдена
15722223,1,Цена не найдена
15722435,1,Цена не найдена
15722440,1,Цена не найдена
15722465,8,Цена не найдена
15722535,1,Цена не найдена
15722560,1,Цена не найдена
15722600,1,Цена не найдена
15722680,2,Цена не найдена
15722710,2,Цена не найдена
15726290,4,Цена не найдена
15726295,6,Цена не найдена
15726310,1,Цена не найдена
15726460,5,Цена не найдена
15726920,1,Цена не найдена
15727043,2,Цена не найдена
15727180,1,Цена не найдена
15731080,4,Цена не найдена
15731111,21,Цена не найдена
15731116,16,Цена не найдена
15731120,3,Цена не найдена
15731230,6,Цена не найдена
15731240,1,Цена не найдена
15771090,179,Цена не найдена
15772052,10,Цена не найдена
15772095,25,Цена не найдена
15772150,2,Цена не найдена
15772242,4,Цена не найдена
15772310,4,Цена не найдена
15772445,74,Цена не найдена
15772555,6,Цена не найдена
15772560,45,Цена не найдена
15772570,8,Цена не найдена
15772654,1,Цена не найдена
157U2036,1,Цена не найдена
16510000,4,Цена не найдена
16872053,4,Цена не найдена
169972,32,Цена не найдена
17081001,21,Цена не найдена
20401006,1,Цена не найдена
22532006,21,Цена не найдена
2391020BKT,2,Цена не найдена
259482,10,Цена не найдена
259543,3,Цена не найдена
259598,3,Цена не найдена
259628,2,Цена не найдена
259635,10,Цена не найдена
263243,1,Цена не найдена
263304,28,Цена не найдена
263328,46,Цена не найдена
263359,104,Цена не найдена
263373,15,Цена не найдена
263434,11,Цена не найдена
263441,2,Цена не найдена
263489,1,Цена не найдена
263496,10,Цена не найдена
263540,16,Цена не найдена
264639,2,Цена не найдена
265391,7,Цена не найдена
265582,9,Цена не найдена
265605,17,Цена не найдена
265636,12,Цена не найдена
265650,11,Цена не найдена
265698,2,Цена не найдена
269146,15,Цена не найдена
269160,8,Цена не найдена
269382,3,Цена не найдена
270142,2,Цена не найдена
270166,7,Цена не найдена
270227,1,Цена не найдена
270593,15,Цена не найдена
270685,4,Цена не найдена
270777,4,Цена не найдена
271033,1,Цена не найдена
271095,12,Цена не найдена
271118,1,Цена не найдена
271217,2,Цена не найдена
271835,2,Цена не найдена
272351,15,Цена не найдена
272368,15,Цена не найдена
272566,446,Цена не найдена
272573,2,Цена не найдена
272580,194,Цена не найдена
272597,1358,Цена не найдена
272627,316,Цена не найдена
272641,12,Цена не найдена
272665,6,Цена не найдена
272672,4,Цена не найдена
272689,133,Цена не найдена
272696,34,Цена не найдена
272702,16,Цена не найдена
272719,39,Цена не найдена
272726,22,Цена не найдена
272733,46,Цена не найдена
272740,10,Цена не найдена
272757,2,Цена не найдена
272825,5,Цена не найдена
277523,6,Цена не найдена
278179,9,Цена не найдена
278506,2,Цена не найдена
279794,1,Цена не найдена
283067,9,Цена не найдена
28593002,4,Цена не найдена
28625002,1,Цена не найдена
289960,13,Цена не найдена
290102,2,Цена не найдена
290348,2,Цена не найдена
290423,3,Цена не найдена
290430,1,Цена не найдена
290478,1,Цена не найдена
290492,11,Цена не найдена
290508,16,Цена не найдена
290621,4,Цена не найдена
290690,2,Цена не найдена
290959,5,Цена не найдена
290980,31,Цена не найдена
291031,6,Цена не найдена
291048,1,Цена не найдена
291215,3,Цена не найдена
291239,4,Цена не найдена
291291,9,Цена не найдена
291307,1,Цена не найдена
291468,2,Цена не найдена
291574,5,Цена не найдена
291604,3,Цена не найдена
291673,2,Цена не найдена
291734,1,Цена не найдена
291765,4,Цена не найдена
291796,2,Цена не найдена
291802,1,Цена не найдена
291970,11,Цена не найдена
292021,28,Цена не найдена
292076,1,Цена не найдена
292083,2,Цена не найдена
292168,5,Цена не найдена
294445,10,Цена не найдена
299686,6,Цена не найдена
309064,2,Цена не найдена
314587,42,Цена не найдена
316871,2,Цена не найдена
316901,31,Цена не найдена
317403,19,Цена не найдена
317410,1,Цена не найдена
320267,7,Цена не найдена
325101,168,Цена не найдена
325125,86,Цена не найдена
325446,12,Цена не найдена
325781,22,Цена не найдена
326207,6,Цена не найдена
326313,41,Цена не найдена
327600,42,Цена не найдена
3306015SB,47,Цена не найдена
3306015SG,101,Цена не найдена
3308016SG,64,Цена не найдена
3308018SB,486,Цена не найдена
3308020SB,78,Цена не найдена
3308022SB,50,Цена не найдена
3308025SB,48,Цена не найдена
330891,47,Цена не найдена
3309025SB,64,Цена не найдена
3310012SC,209,Цена не найдена
3310021SB,36,Цена не найдена
3310030SB,231,Цена не найдена
3310030SG,81,Цена не найдена
3312023SB,314,Цена не найдена
3312027SB,49,Цена не найдена
3312515SB,66,Цена не найдена
3312525SG,21,Цена не найдена
3316807SB,4,Цена не найдена
3318708SP,305,Цена не найдена
3318708SV,263,Цена не найдена
3320014SC,81,Цена не найдена
3320109SB,16,Цена не найдена
3321809SP,155,Цена не найдена
3323112SX,12,Цена не найдена
3323910SP,67,Цена не найдена
3325010SG,17,Цена не найдена
3325015SX,7,Цена не найдена
3325812SB,123,Цена не найдена
3326112SB,129,Цена не найдена
3327112SX,13,Цена не найдена
3327514SG,9,Цена не найдена
3330004SB,310,Цена не найдена
3330004SH,185,Цена не найдена
3330004SL,54,Цена не найдена
3335006SB,1,Цена не найдена
3335006SG,5,Цена не найдена
3335408SG,81,Цена не найдена
3340004SB,126,Цена не найдена
3340004SG,2,Цена не найдена
3340008SB,1,Цена не найдена
3340012SB,48,Цена не найдена
3345015SC,82,Цена не найдена
3350008SB,35,Цена не найдена
3350008SP,332,Цена не найдена
3350012SB,18,Цена не найдена
3360009SB,146,Цена не найдена
3360009SC,120,Цена не найдена
3360009SP,55,Цена не найдена
3360009SV,13,Цена не найдена
3360012SB,10,Цена не найдена
336237,4,Цена не найдена
3367015SC,20,Цена не найдена
3370012SB,26,Цена не найдена
3370012SP,181,Цена не найдена
3370015SQ,14,Цена не найдена
3375010SM,12,Цена не найдена
3375010SV,50,Цена не найдена
3381515SR,3,Цена не найдена
3409354B2,346,Цена не найдена
3410165ES,350,Цена не найдена
3411404A3,6,Цена не найдена
3411404B8,37,Цена не найдена
3411405B8,15,Цена не найдена
3412165ES,31,Цена не найдена
3412165FE,189,Цена не найдена
3413506B8,46,Цена не найдена
3414556A2,1,Цена не найдена
3416758B8,29,Цена не найдена
3416807AC,12,Цена не найдена
3416807AM,25,Цена не найдена
3418108CX,12,Цена не найдена
3418109CX,9,Цена не найдена
3418707AM,20,Цена не найдена
3418758B8,22,Цена не найдена
3418958AC,10,Цена не найдена
3418958AM,24,Цена не найдена
3418958B8,22,Цена не найдена
3419708AC,8,Цена не найдена
3419708AM,1,Цена не найдена
3419708X1,8,Цена не найдена
3420108AC,16,Цена не найдена
3420110BM,1,Цена не найдена
3420110CX,4,Цена не найдена
3420118BM,5,Цена не найдена
3420119BM,20,Цена не найдена
3420119CX,6,Цена не найдена
3420119X2,4,Цена не найдена
3420708AC,14,Цена не найдена
3421070BM,1,Цена не найдена
3421710X1,1,Цена не найдена
3422108AC,5,Цена не найдена
3422109AM,6,Цена не найдена
3422110BM,4,Цена не найдена
3422118BX,23,Цена не найдена
3423812CS,6,Цена не найдена
3423812E8,10,Цена не найдена
3423912B8,4,Цена не найдена
3424814EL,9,Цена не найдена
3425112BM,21,Цена не найдена
3425121BM,3,Цена не найдена
3425129AC,1,Цена не найдена
3425812BM,12,Цена не найдена
3426112BM,17,Цена не найдена
3426912BM,13,Цена не найдена
3435006B5,37,Цена не найдена
3441356BN,2,Цена не найдена
3450012BT,17,Цена не найдена
3513506BLS,54,Цена не найдена
3513656BLS,1,Цена не найдена
3516608A2,10,Цена не найдена
3518858BLS,33,Цена не найдена
3520050ALY,160,Цена не найдена
3541354BVS,244,Цена не найдена
3550008CA,25,Цена не найдена
3550008CAS,41,Цена не найдена
3550010BTS,1,Цена не найдена
355788,4,Цена не найдена
355900,6,Цена не найдена
358840,4,Цена не найдена
359113,8,Цена не найдена
368368,10,Цена не найдена
370309,6,Цена не найдена
371085,1,Цена не найдена
371276,8,Цена не найдена
371283,12,Цена не найдена
371313,8,Цена не найдена
371320,7,Цена не найдена
374123,2,Цена не найдена
374307,10,Цена не найдена
374352,2,Цена не найдена
375076,48,Цена не найдена
375281,15,Цена не найдена
375885,8,Цена не найдена
375908,13,Цена не найдена
376516,10,Цена не найдена
376783,2,Цена не найдена
376950,2,Цена не найдена
376974,5,Цена не найдена
377056,2,Цена не найдена
377124,49,Цена не найдена
377483,2,Цена не найдена
377490,23,Цена не найдена
377506,2,Цена не найдена
377513,10,Цена не найдена
380209,49,Цена не найдена
380292,1,Цена не найдена
381206,23,Цена не найдена
381268,5,Цена не найдена
381381,16,Цена не найдена
381398,127,Цена не найдена
381411,8,Цена не найдена
381428,2,Цена не найдена
382319,10,Цена не найдена
382470,3,Цена не найдена
382838,8,Цена не найдена
383095,4,Цена не найдена
384276,124,Цена не найдена
384894,19,Цена не найдена
385075,44,Цена не найдена
385181,96,Цена не найдена
385303,8,Цена не найдена
387321,1,Цена не найдена
387871,20,Цена не найдена
387888,1,Цена не найдена
388212,2,Цена не найдена
388472,1,Цена не найдена
388489,1,Цена не найдена
388496,1,Цена не найдена
389585,8,Цена не найдена
389592,3,Цена не найдена
389639,16,Цена не найдена
390604,10,Цена не найдена
390710,8,Цена не найдена
3910015E8,17,Цена не найдена
3910015G6,1,Цена не найдена
3911012B7,8,Цена не найдена
3911515G6,2,Цена не найдена
3911715AG,60,Цена не найдена
3911715BG,815,Цена не найдена
3912010B7,11,Цена не найдена
3912012B5,1,Цена не найдена
3912012B7,9,Цена не найдена
3913012B7,5,Цена не найдена
3913013C3,3,Цена не найдена
3914012B7,2,Цена не найдена
3914013B7,7,Цена не найдена
3914013C3,5,Цена не найдена
393438,4,Цена не найдена
3935010B5,10,Цена не найдена
394039,10,Цена не найдена
3941355BG,20,Цена не найдена
394411,2,Цена не найдена
395241,5,Цена не найдена
395265,10,Цена не найдена
396347,8,Цена не найдена
396576,10,Цена не найдена
396606,9,Цена не найдена
39TR413,249,Цена не найдена
415628,68,Цена не найдена
423791,8,Цена не найдена
426754,1,Цена не найдена
430089,3,Цена не найдена
435909,18,Цена не найдена
438290,1,Цена не найдена
438351,4,Цена не найдена
439327,16,Цена не найдена
4408016SB,276,Цена не найдена
4409540SN,10,Цена не найдена
4410165SC,35,Цена не найдена
4412520SN,13,Цена не найдена
4413024SJ,9,Цена не найдена
4413516SC,84,Цена не найдена
4413624SN,136,Цена не найдена
4414024SV,7,Цена не найдена
4414946SN,43,Цена не найдена
4415027SB,55,Цена не найдена
4416020SC,4,Цена не найдена
4416020SN,86,Цена не найдена
4416040SC,13,Цена не найдена
4416055SC,3,Цена не найдена
4417150SN,3,Цена не найдена
4418020SN,4,Цена не найдена
4418105SC,4,Цена не найдена
4418105SN,55,Цена не найдена
4420016SV,44,Цена не найдена
4420112SV,16,Цена не найдена
4420145SN,9,Цена не найдена
4420834SN,26,Цена не найдена
4422083SN,3,Цена не найдена
4423130SN,52,Цена не найдена
442365,11,Цена не найдена
4424014SJ,2,Цена не найдена
4424015SN,60,Цена не найдена
4424083SN,26,Цена не найдена
4425016SJ,88,Цена не найдена
4425018SJ,7,Цена не найдена
4425235SN,254,Цена не найдена
4426169SN,46,Цена не найдена
4426529SJ,18,Цена не найдена
4426550SN,38,Цена не найдена
4428083SN,17,Цена не найдена
4428112SN,25,Цена не найдена
4428136SN,31,Цена не найдена
4429525SJ,36,Цена не найдена
4429535SJ,5,Цена не найдена
4430019SG,8,Цена не найдена
4430169SN,4,Цена не найдена
4432024SN,32,Цена не найдена
4432083SN,34,Цена не найдена
4432112SN,2,Цена не найдена
4434169SN,2,Цена не найдена
4436112SN,3,Цена не найдена
4438083SN,8,Цена не найдена
4438112SN,36,Цена не найдена
4440017SC,11,Цена не найдена
4440022SN,1,Цена не найдена
444086,3,Цена не найдена
4442083SN,84,Цена не найдена
4442184SN,15,Цена не найдена
4444083SN,32,Цена не найдена
4450017SC,40,Цена не найдена
445618,3,Цена не найдена
4460020SC,4,Цена не найдена
4460034SN,6,Цена не найдена
4470016SC,2,Цена не найдена
4470016SN,4,Цена не найдена
4470016SQ,114,Цена не найдена
4475020SC,8,Цена не найдена
4475020SR,14,Цена не найдена
4480019SC,13,Цена не найдена
4480026SN,25,Цена не найдена
448190,3,Цена не найдена
448213,6,Цена не найдена
448428,6,Цена не найдена
448930,18,Цена не найдена
448954,9,Цена не найдена
448961,3,Цена не найдена
448992,7,Цена не найдена
4490016SN,61,Цена не найдена
449005,7,Цена не найдена
450438,9,Цена не найдена
450483,16,Цена не найдена
456720,18,Цена не найдена
459035,17,Цена не найдена
460789,10,Цена не найдена
462042,3,Цена не найдена
468945,4,Цена не найдена
469508,18,Цена не найдена
480169,11,Цена не найдена
482224,2,Цена не найдена
484006,11,Цена не найдена
484013,4,Цена не найдена
485812,6,Цена не найдена
489018,1,Цена не найдена
492148,2,Цена не найдена
492940,2,Цена не найдена
493121,1,Цена не найдена
497808,14,Цена не найдена
500782,3,Цена не найдена
507774,5,Цена не найдена
507804,1,Цена не найдена
511641,8,Цена не найдена
513096,5,Цена не найдена
514109,1,Цена не найдена
521916,2,Цена не найдена
522517,78,Цена не найдена
542500660,6,Цена не найдена
549514,1,Цена не найдена
551500,1,Цена не найдена
558929,2,Цена не найдена
559711,30,Цена не найдена
561455,2,Цена не найдена
561615,12,Цена не найдена
566573,1,Цена не найдена
574813,2,Цена не найдена
575940,1,Цена не найдена
576039,1,Цена не найдена
577463,10,Цена не найдена
579177,65,Цена не найдена
582399,15,Цена не найдена
582405,4,Цена не найдена
582412,1,Цена не найдена
582481,1,Цена не найдена
582504,4,Цена не найдена
582511,13,Цена не найдена
584461,14,Цена не найдена
588063,4,Цена не найдена
588339,2,Цена не найдена
588759,4,Цена не найдена
589633,17,Цена не найдена
590806,3,Цена не найдена
590813,9,Цена не найдена
592251,32,Цена не найдена
599489,1,Цена не найдена
600512,1,Цена не найдена
601595,6,Цена не найдена
602288,4,Цена не найдена
602349,1,Цена не найдена
602998,4,Цена не найдена
604138,2,Цена не найдена
604145,7,Цена не найдена
604251,2,Цена не найдена
604275,6,Цена не найдена
604848,1,Цена не найдена
604855,5,Цена не найдена
604879,6,Цена не найдена
605012,4,Цена не найдена
605043,7,Цена не найдена
605050,117,Цена не найдена
605067,8,Цена не найдена
605081,7,Цена не найдена
605166,3,Цена не найдена
605203,17,Цена не найдена
605371,11,Цена не найдена
605388,6,Цена не найдена
605623,8,Цена не найдена
608198,3,Цена не найдена
608266,1,Цена не найдена
608297,1,Цена не найдена
608327,2,Цена не найдена
608341,6,Цена не найдена
608365,2,Цена не найдена
608440,2,Цена не найдена
608464,1,Цена не найдена
640107010811,2,Цена не найдена
7510165EE,128,Цена не найдена
7512165FE,115,Цена не найдена
7527815CS,33,Цена не найдена
7965016S,2,Цена не найдена
8010021K770F,16,Цена не найдена
8010021K771F,6,Цена не найдена
8010021K772F,5,Цена не найдена
8551152514,19,Цена не найдена
85515070SV,9,Цена не найдена
8551556513,231,Цена не найдена
8551556514,150,Цена не найдена
85517521SV,4,Цена не найдена
8551758513,96,Цена не найдена
8551758514,81,Цена не найдена
8551759515,21,Цена не найдена
8551856113,70,Цена не найдена
8551950514,64,Цена не найдена
8551950515,103,Цена не найдена
8551950616,8,Цена не найдена
8551OR14E,75,Цена не найдена
8551OR15C,35,Цена не найдена
8551OR15K,11,Цена не найдена
8551OR16B,5,Цена не найдена
8551OR16C,71,Цена не найдена
85520070SV,31,Цена не найдена
8552070016,270,Цена не найдена
8552082515,2,Цена не найдена
8552082516,14,Цена не найдена
8552082520,276,Цена не найдена
8552100015,1,Цена не найдена
8552100020,4,Цена не найдена
8552110020,200,Цена не найдена
8552110025,3,Цена не найдена
8552120020,13,Цена не найдена
8552160020,653,Цена не найдена
8553354514,4,Цена не найдена
8553556515,28,Цена не найдена
855428020F,1,Цена не найдена
855444025F,15,Цена не найдена
9010016,7,Цена не найдена
909021K777F,6,Цена не найдена
910002,32,Цена не найдена
AM0001,4,Цена не найдена
AM0005,2,Цена не найдена
AM0032,37,Цена не найдена
AM0076,3,Цена не найдена
AM0077,2,Цена не найдена
AM0083,4,Цена не найдена
AM0120,114,Цена не найдена
AM0121,300,Цена не найдена
AM0128,3,Цена не найдена
AM0130,49,Цена не найдена
AM0132,305,Цена не найдена
AM0162,37,Цена не найдена
AM0163,17,Цена не найдена
AM0170,31,Цена не найдена
AM0180,76,Цена не найдена
AM0182,40,Цена не найдена
AM0211,8,Цена не найдена
AM0214,6,Цена не найдена
AM0216,2,Цена не найдена
AM0233,4,Цена не найдена
AM0255,60,Цена не найдена
AM0306,5,Цена не найдена
AM0309,16,Цена не найдена
AM0345,1,Цена не найдена
AM0350,2,Цена не найдена
AM0352,2,Цена не найдена
AM0404,2,Цена не найдена
FG341592177321222,3,Цена не найдена
FG431593591001232,4,Цена не найдена
FG431639550001232,2,Цена не найдена
FG431639561001232,2,Цена не найдена
R00018,1,Цена не найдена
R00022,2,Цена не найдена
R00083,37,Цена не найдена
R00103,8,Цена не найдена
R00108,9,Цена не найдена
R00132,1,Цена не найдена
R00167,12,Цена не найдена
R00188,1,Цена не найдена
R00300,9,Цена не найдена
R00603,1,Цена не найдена
R01258,11,Цена не найдена
R01308,28,Цена не найдена
R01309,113,Цена не найдена
